[
    {
        "name": "New York",
        "state": "NY",
        "lat": 40.7128,
        "lon": -74.0060
    },
    {
        "name": "Los Angeles",
        "state": "CA",
        "lat": 34.0522,
        "lon": -118.2437
    },
    {
        "name": "Chicago",
        "state": "IL",
        "lat": 41.8781,
        "lon": -87.6298
    },
    {
        "name": "Houston",
        "state": "TX",
        "lat": 29.7604,
        "lon": -95.3698
    },
    {
        "name": "Phoenix",
        "state": "AZ",
        "lat": 33.4484,
        "lon": -112.0740
    },
    {
        "name": "Philadelphia",
        "state": "PA",
        "lat": 39.9526,
        "lon": -75.1652
    },
    {
        "name": "San Antonio",
        "state": "TX",
        "lat": 29.4241,
        "lon": -98.4936
    },
    {
        "name": "San Diego",
        "state": "CA",
        "lat": 32.7157,
        "lon": -117.1611
    },
    {
        "name": "Dallas",
        "state": "TX",
        "lat": 32.7767,
        "lon": -96.7970
    },
    {
        "name": "San Jose",
        "state": "CA",
        "lat": 37.3382,
        "lon": -121.8863
    },
    {
        "name": "Austin",
        "state": "TX",
        "lat": 30.2672,
        "lon": -97.7431
    },
    {
        "name": "Jacksonville",
        "state": "FL",
        "lat": 30.3322,
        "lon": -81.6557
    },
    {
        "name": "Fort Worth",
        "state": "TX",
        "lat": 32.7555,
        "lon": -97.3308
    },
    {
        "name": "Columbus",
        "state": "OH",
        "lat": 39.9612,
        "lon": -82.9988
    },
    {
        "name": "Charlotte",
        "state": "NC",
        "lat": 35.2271,
        "lon": -80.8431
    },
    {
        "name": "San Francisco",
        "state": "CA",
        "lat": 37.7749,
        "lon": -122.4194
    },
    {
        "name": "Indianapolis",
        "state": "IN",
        "lat": 39.7684,
        "lon": -86.1581
    },
    {
        "name": "Seattle",
        "state": "WA",
        "lat": 47.6062,
        "lon": -122.3321
    },
    {
        "name": "Denver",
        "state": "CO",
        "lat": 39.7392,
        "lon": -104.9903
    },
    {
        "name": "Washington",
        "state": "DC",
        "lat": 38.9072,
        "lon": -77.0369
    },
    {
        "name": "Boston",
        "state": "MA",
        "lat": 42.3601,
        "lon": -71.0589
    },
    {
        "name": "Nashville",
        "state": "TN",
        "lat": 36.1627,
        "lon": -86.7816
    },
    {
        "name": "Baltimore",
        "state": "MD",
        "lat": 39.2904,
        "lon": -76.6122
    },
    {
        "name": "Oklahoma City",
        "state": "OK",
        "lat": 35.4676,
        "lon": -97.5164
    },
    {
        "name": "Portland",
        "state": "OR",
        "lat": 45.5051,
        "lon": -122.6750
    },
    {
        "name": "Las Vegas",
        "state": "NV",
        "lat": 36.1699,
        "lon": -115.1398
    },
    {
        "name": "Louisville",
        "state": "KY",
        "lat": 38.2527,
        "lon": -85.7585
    },
    {
        "name": "Milwaukee",
        "state": "WI",
        "lat": 43.0389,
        "lon": -87.9065
    },
    {
        "name": "Albuquerque",
        "state": "NM",
        "lat": 35.0844,
        "lon": -106.6504
    },
    {
        "name": "Tucson",
        "state": "AZ",
        "lat": 32.2226,
        "lon": -110.9747
    },
    {
        "name": "Fresno",
        "state": "CA",
        "lat": 36.7378,
        "lon": -119.7871
    },
    {
        "name": "Sacramento",
        "state": "CA",
        "lat": 38.5816,
        "lon": -121.4944
    },
    {
        "name": "Mesa",
        "state": "AZ",
        "lat": 33.4152,
        "lon": -111.8315
    },
    {
        "name": "Atlanta",
        "state": "GA",
        "lat": 33.7490,
        "lon": -84.3880
    },
    {
        "name": "Kansas City",
        "state": "MO",
        "lat": 39.0997,
        "lon": -94.5786
    },
    {
        "name": "Colorado Springs",
        "state": "CO",
        "lat": 38.8339,
        "lon": -104.8214
    },
    {
        "name": "Omaha",
        "state": "NE",
        "lat": 41.2565,
        "lon": -95.9345
    },
    {
        "name": "Raleigh",
        "state": "NC",
        "lat": 35.7796,
        "lon": -78.6382
    },
    {
        "name": "Miami",
        "state": "FL",
        "lat": 25.7617,
        "lon": -80.1918
    },
    {
        "name": "Cleveland",
        "state": "OH",
        "lat": 41.4993,
        "lon": -81.6944
    },
    {
        "name": "Tulsa",
        "state": "OK",
        "lat": 36.1540,
        "lon": -95.9928
    },
    {
        "name": "Oakland",
        "state": "CA",
        "lat": 37.8044,
        "lon": -122.2712
    },
    {
        "name": "Minneapolis",
        "state": "MN",
        "lat": 44.9778,
        "lon": -93.2650
    },
    {
        "name": "Wichita",
        "state": "KS",
        "lat": 37.6872,
        "lon": -97.3301
    },
    {
        "name": "New Orleans",
        "state": "LA",
        "lat": 29.9511,
        "lon": -90.0715
    },
    {
        "name": "Arlington",
        "state": "TX",
        "lat": 32.7357,
        "lon": -97.1081
    },
    {
        "name": "Bakersfield",
        "state": "CA",
        "lat": 35.3733,
        "lon": -119.0187
    },
    {
        "name": "Tampa",
        "state": "FL",
        "lat": 27.9506,
        "lon": -82.4572
    },
    {
        "name": "Honolulu",
        "state": "HI",
        "lat": 21.3069,
        "lon": -157.8583
    },
    {
        "name": "Anchorage",
        "state": "AK",
        "lat": 61.2181,
        "lon": -149.9003
    },
    {
        "name": "Aurora",
        "state": "CO",
        "lat": 39.7294,
        "lon": -104.8319
    },
    {
        "name": "Anaheim",
        "state": "CA",
        "lat": 33.8366,
        "lon": -117.9143
    },
    {
        "name": "Santa Ana",
        "state": "CA",
        "lat": 33.7455,
        "lon": -117.8677
    },
    {
        "name": "St. Louis",
        "state": "MO",
        "lat": 38.6270,
        "lon": -90.1994
    },
    {
        "name": "Riverside",
        "state": "CA",
        "lat": 33.9533,
        "lon": -117.3962
    },
    {
        "name": "Corpus Christi",
        "state": "TX",
        "lat": 27.8006,
        "lon": -97.3964
    },
    {
        "name": "Lexington",
        "state": "KY",
        "lat": 38.0406,
        "lon": -84.5037
    },
    {
        "name": "Pittsburgh",
        "state": "PA",
        "lat": 40.4406,
        "lon": -79.9959
    },
    {
        "name": "Stockton",
        "state": "CA",
        "lat": 37.9577,
        "lon": -121.2908
    },
    {
        "name": "Cincinnati",
        "state": "OH",
        "lat": 39.1031,
        "lon": -84.5120
    },
    {
        "name": "St. Paul",
        "state": "MN",
        "lat": 44.9537,
        "lon": -93.0900
    },
    {
        "name": "Toledo",
        "state": "OH",
        "lat": 41.6528,
        "lon": -83.5379
    },
    {
        "name": "Newark",
        "state": "NJ",
        "lat": 40.7357,
        "lon": -74.1724
    },
    {
        "name": "Greensboro",
        "state": "NC",
        "lat": 36.0726,
        "lon": -79.7920
    },
    {
        "name": "Plano",
        "state": "TX",
        "lat": 33.0198,
        "lon": -96.6989
    },
    {
        "name": "Henderson",
        "state": "NV",
        "lat": 36.0395,
        "lon": -114.9817
    },
    {
        "name": "Lincoln",
        "state": "NE",
        "lat": 40.8258,
        "lon": -96.6852
    },
    {
        "name": "Buffalo",
        "state": "NY",
        "lat": 42.8864,
        "lon": -78.8784
    },
    {
        "name": "Jersey City",
        "state": "NJ",
        "lat": 40.7178,
        "lon": -74.0431
    },
    {
        "name": "Chula Vista",
        "state": "CA",
        "lat": 32.6401,
        "lon": -117.0842
    },
    {
        "name": "Fort Wayne",
        "state": "IN",
        "lat": 41.0793,
        "lon": -85.1394
    },
    {
        "name": "Orlando",
        "state": "FL",
        "lat": 28.5383,
        "lon": -81.3792
    },
    {
        "name": "St. Petersburg",
        "state": "FL",
        "lat": 27.7676,
        "lon": -82.6403
    },
    {
        "name": "Chandler",
        "state": "AZ",
        "lat": 33.3062,
        "lon": -111.8413
    },
    {
        "name": "Laredo",
        "state": "TX",
        "lat": 27.5306,
        "lon": -99.4803
    },
    {
        "name": "Norfolk",
        "state": "VA",
        "lat": 36.8508,
        "lon": -76.2859
    },
    {
        "name": "Durham",
        "state": "NC",
        "lat": 35.9940,
        "lon": -78.8986
    },
    {
        "name": "Madison",
        "state": "WI",
        "lat": 43.0731,
        "lon": -89.4012
    },
    {
        "name": "Lubbock",
        "state": "TX",
        "lat": 33.5779,
        "lon": -101.8552
    },
    {
        "name": "Irvine",
        "state": "CA",
        "lat": 33.6846,
        "lon": -117.8265
    },
    {
        "name": "Winston-Salem",
        "state": "NC",
        "lat": 36.0999,
        "lon": -80.2442
    },
    {
        "name": "Glendale",
        "state": "AZ",
        "lat": 33.5387,
        "lon": -112.1860
    },
    {
        "name": "Garland",
        "state": "TX",
        "lat": 32.9126,
        "lon": -96.6389
    },
    {
        "name": "Hialeah",
        "state": "FL",
        "lat": 25.8576,
        "lon": -80.2781
    },
    {
        "name": "Reno",
        "state": "NV",
        "lat": 39.5296,
        "lon": -119.8138
    },
    {
        "name": "Chesapeake",
        "state": "VA",
        "lat": 36.7682,
        "lon": -76.2875
    },
    {
        "name": "Gilbert",
        "state": "AZ",
        "lat": 33.3528,
        "lon": -111.7890
    },
    {
        "name": "Baton Rouge",
        "state": "LA",
        "lat": 30.4515,
        "lon": -91.1871
    },
    {
        "name": "Irving",
        "state": "TX",
        "lat": 32.8140,
        "lon": -96.9489
    },
    {
        "name": "Scottsdale",
        "state": "AZ",
        "lat": 33.4942,
        "lon": -111.9261
    },
    {
        "name": "North Las Vegas",
        "state": "NV",
        "lat": 36.1989,
        "lon": -115.1175
    },
    {
        "name": "Fremont",
        "state": "CA",
        "lat": 37.5485,
        "lon": -121.9886
    },
    {
        "name": "Boise",
        "state": "ID",
        "lat": 43.6150,
        "lon": -116.2023
    },
    {
        "name": "Richmond",
        "state": "VA",
        "lat": 37.5407,
        "lon": -77.4360
    },
    {
        "name": "San Bernardino",
        "state": "CA",
        "lat": 34.1083,
        "lon": -117.2898
    },
    {
        "name": "Birmingham",
        "state": "AL",
        "lat": 33.5186,
        "lon": -86.8104
    },
    {
        "name": "Spokane",
        "state": "WA",
        "lat": 47.6588,
        "lon": -117.4260
    },
    {
        "name": "Rochester",
        "state": "NY",
        "lat": 43.1566,
        "lon": -77.6088
    },
    {
        "name": "Des Moines",
        "state": "IA",
        "lat": 41.5868,
        "lon": -93.6250
    }
]